Model,Train RMSE,Train ADE,Train FDE,Val RMSE,Val ADE,Val FDE,Test RMSE,Test ADE,Test FDE
Ridge Regression,2.5922247368357136,2.632324972690995,4.171542419008454,2.857078055454314,2.854858702408545,4.660953909109802,-,-,-
XGBoost,0.308698068039599,0.29987127174757217,0.46703178809186935,1.270252060937045,0.7726150159430986,1.9175236352090217,1.2196296891567753,0.7487035107277136,1.809949926445039
